generation,solution_id,fft_size,s0_mult,s0_add,s1_mult,s1_add,s2_mult,s2_add,s3_mult,s3_add,energy_nJ_perFFT,dyn_power_mW,static_power_mW,power_mW,area_um2,sqnr_dB,norm_latency,crit_delay_ns,slack_ns,meets_timing,avg_exec_cycles,tot_sim_cycles,fp4_mult_pct,fp8_mult_pct,fp4_add_pct,fp8_add_pct
5,0,16,0,0,0,0,0,0,0,0,6.8978,7.580000,0.055000,7.630000,523502.5101,21.9400,1.3500,13.500,-2.8000,0,91,1716,100.0,0.0,100.0,0.0
5,1,16,1,1,1,1,1,1,1,1,6.6703,7.330000,0.055300,7.390000,523502.5101,39.0000,1.0200,10.200,0.3700,1,91,1716,0.0,100.0,0.0,100.0
5,2,16,1,1,1,1,0,0,0,0,8.0626,8.860000,0.055300,8.920000,523502.5101,33.4900,1.0540,10.540,0.0900,1,91,1716,50.0,50.0,50.0,50.0
5,3,16,0,0,0,0,1,1,1,1,7.5530,8.300000,0.055300,8.350000,523502.5101,24.4700,1.0660,10.660,0.0100,1,91,1716,50.0,50.0,50.0,50.0
5,4,16,1,0,1,0,1,0,1,0,7.2800,8.000000,0.055200,8.050000,523502.5101,22.4900,1.0570,10.570,0.1600,1,91,1716,0.0,100.0,100.0,0.0
5,5,16,0,1,0,1,0,1,0,1,6.2098,6.824000,0.055100,6.880000,523502.5101,14.1500,1.1720,11.720,-0.9500,0,91,1716,100.0,0.0,0.0,100.0
5,6,16,0,1,1,1,1,0,1,0,7.9716,8.760000,0.055300,8.810000,523502.5101,22.1100,1.0650,10.650,0.0300,1,91,1716,25.0,75.0,50.0,50.0
5,7,16,0,0,1,0,1,1,1,1,7.6349,8.390000,0.055300,8.450000,523502.5101,24.4700,1.0610,10.610,0.0000,1,91,1716,25.0,75.0,50.0,50.0
5,8,16,0,1,0,0,1,1,1,0,7.8624,8.640000,0.055300,8.690000,523502.5101,21.8300,1.0630,10.630,0.0400,1,91,1716,50.0,50.0,50.0,50.0
5,9,16,0,1,1,0,1,0,1,0,7.7259,8.490000,0.055300,8.540000,523502.5101,21.6800,1.0570,10.570,0.1200,1,91,1716,25.0,75.0,75.0,25.0
5,10,16,0,1,0,0,1,0,1,1,7.6713,8.430000,0.055300,8.490000,523502.5101,6.7000,1.0620,10.620,0.0000,1,91,1716,50.0,50.0,50.0,50.0
5,11,16,1,1,1,0,1,1,1,1,7.9807,8.770000,0.055300,8.830000,523502.5101,11.0000,1.0640,10.640,0.0100,1,91,1716,0.0,100.0,25.0,75.0
5,12,16,0,1,0,1,0,1,1,1,6.8614,7.540000,0.055300,7.590000,523502.5101,14.7400,1.0250,10.250,0.3200,1,91,1716,75.0,25.0,0.0,100.0
5,13,16,1,0,0,1,1,1,0,1,7.8806,8.660000,0.055300,8.710000,523502.5101,15.3100,1.0670,10.670,0.0000,1,91,1716,50.0,50.0,25.0,75.0
5,14,16,0,1,1,1,1,0,0,0,7.9898,8.780000,0.055300,8.840000,523502.5101,21.6100,1.0590,10.590,0.1000,1,91,1716,50.0,50.0,50.0,50.0
5,15,16,0,1,1,1,1,1,1,0,7.6440,8.400000,0.055300,8.450000,523502.5101,23.5600,1.0640,10.640,0.0200,1,91,1716,25.0,75.0,25.0,75.0
5,16,16,1,1,0,0,1,1,0,1,7.6531,8.410000,0.055300,8.470000,523502.5101,9.1400,1.0640,10.640,0.0100,1,91,1716,50.0,50.0,25.0,75.0
5,17,16,1,1,1,1,1,0,0,0,8.6268,9.480000,0.055300,9.540000,523502.5101,35.5400,1.0660,10.660,0.0300,1,91,1716,25.0,75.0,50.0,50.0
5,18,16,0,1,0,0,0,1,0,1,7.5439,8.290000,0.055100,8.350000,523502.5101,6.5400,1.4370,14.370,-3.6200,0,91,1716,100.0,0.0,25.0,75.0
5,19,16,1,0,0,1,1,1,1,0,7.8351,8.610000,0.055300,8.670000,523502.5101,22.8300,1.0540,10.540,0.0900,1,91,1716,25.0,75.0,50.0,50.0
5,20,16,1,0,0,1,0,0,0,0,7.7714,8.540000,0.055300,8.590000,523502.5101,21.9400,1.0650,10.650,0.0100,1,91,1716,75.0,25.0,75.0,25.0
5,21,16,0,1,1,0,1,1,1,1,7.8715,8.650000,0.055300,8.710000,523502.5101,7.6700,1.0650,10.650,0.0200,1,91,1716,25.0,75.0,25.0,75.0
5,22,16,1,1,1,1,0,0,1,0,7.8988,8.680000,0.055300,8.730000,523502.5101,33.1400,1.0700,10.700,0.0100,1,91,1716,25.0,75.0,50.0,50.0
5,23,16,0,0,0,1,0,1,0,0,7.7714,8.540000,0.055100,8.600000,523502.5101,22.1900,1.1790,11.790,-1.0400,0,91,1716,100.0,0.0,50.0,50.0
5,24,16,0,1,1,1,0,0,1,1,7.8624,8.640000,0.055300,8.690000,523502.5101,7.6200,1.0650,10.650,0.0400,1,91,1716,50.0,50.0,25.0,75.0
5,25,16,1,1,0,0,0,0,0,1,7.8260,8.600000,0.055300,8.650000,523502.5101,8.8600,1.0650,10.650,0.0100,1,91,1716,75.0,25.0,50.0,50.0
5,26,16,0,1,1,0,1,1,0,0,7.7896,8.560000,0.055300,8.620000,523502.5101,21.3800,1.0630,10.630,0.0000,1,91,1716,50.0,50.0,50.0,50.0
5,27,16,0,0,1,1,0,0,1,0,7.6258,8.380000,0.055300,8.430000,523502.5101,22.4400,1.0640,10.640,0.0200,1,91,1716,50.0,50.0,75.0,25.0
5,28,16,1,1,0,1,0,0,1,0,8.1991,9.010000,0.055300,9.060000,523502.5101,31.6700,1.0620,10.620,0.0000,1,91,1716,50.0,50.0,50.0,50.0
5,29,16,0,0,0,0,1,0,1,1,7.6076,8.360000,0.055300,8.420000,523502.5101,14.5200,1.0660,10.660,0.0100,1,91,1716,50.0,50.0,75.0,25.0
5,30,16,0,1,1,1,0,0,1,0,7.6349,8.390000,0.055300,8.440000,523502.5101,21.9900,1.0640,10.640,0.0400,1,91,1716,50.0,50.0,50.0,50.0
5,31,16,0,1,0,0,1,1,1,1,7.6440,8.400000,0.055300,8.460000,523502.5101,7.5400,1.0650,10.650,0.0400,1,91,1716,50.0,50.0,25.0,75.0
5,32,16,0,1,1,1,1,0,1,1,7.5439,8.290000,0.055300,8.350000,523502.5101,7.5800,1.0670,10.670,0.0000,1,91,1716,25.0,75.0,25.0,75.0
5,33,16,1,1,0,1,1,1,0,0,7.6986,8.460000,0.055300,8.520000,523502.5101,40.7900,1.0700,10.700,-0.0200,0,91,1716,50.0,50.0,25.0,75.0
5,34,16,0,1,1,0,1,0,1,1,7.7532,8.520000,0.055300,8.580000,523502.5101,6.7500,1.0640,10.640,0.0000,1,91,1716,25.0,75.0,50.0,50.0
5,35,16,0,0,0,0,0,1,1,1,7.7259,8.490000,0.055300,8.550000,523502.5101,23.8500,1.0660,10.660,0.0000,1,91,1716,75.0,25.0,50.0,50.0
5,36,16,0,0,1,1,1,1,0,1,7.7168,8.480000,0.055300,8.530000,523502.5101,15.3100,1.0620,10.620,0.0000,1,91,1716,50.0,50.0,25.0,75.0
5,37,16,0,1,1,1,1,0,0,1,7.4802,8.220000,0.055300,8.280000,523502.5101,7.0600,1.0630,10.630,0.0100,1,91,1716,50.0,50.0,25.0,75.0
5,38,16,0,1,0,1,0,1,0,0,7.3710,8.100000,0.055100,8.160000,523502.5101,21.4800,1.3900,13.900,-3.1500,0,91,1716,100.0,0.0,25.0,75.0
5,39,16,0,1,0,1,0,1,1,0,7.6531,8.410000,0.055300,8.470000,523502.5101,21.9000,1.0640,10.640,0.0100,1,91,1716,75.0,25.0,25.0,75.0
5,40,16,0,1,0,0,0,0,1,0,7.7805,8.550000,0.055300,8.610000,523502.5101,21.3500,1.0660,10.660,0.0400,1,91,1716,75.0,25.0,75.0,25.0
5,41,16,0,1,1,1,0,1,1,0,7.6349,8.390000,0.055300,8.440000,523502.5101,22.5600,1.0660,10.660,0.0300,1,91,1716,50.0,50.0,25.0,75.0
5,42,16,0,0,1,0,0,1,1,0,7.5257,8.270000,0.055300,8.320000,523502.5101,22.5100,1.0610,10.610,0.0700,1,91,1716,50.0,50.0,75.0,25.0
5,43,16,0,0,1,0,1,1,0,1,7.6440,8.400000,0.055300,8.450000,523502.5101,15.0100,1.0630,10.630,0.0100,1,91,1716,50.0,50.0,50.0,50.0
5,44,16,0,1,0,0,1,1,0,0,7.8260,8.600000,0.055300,8.660000,523502.5101,21.2600,1.0630,10.630,0.0000,1,91,1716,75.0,25.0,50.0,50.0
5,45,16,1,0,1,0,1,1,1,1,7.5530,8.300000,0.055300,8.350000,523502.5101,24.4700,1.0620,10.620,0.0200,1,91,1716,0.0,100.0,50.0,50.0
5,46,16,0,1,1,0,0,1,0,0,8.0262,8.820000,0.055300,8.880000,523502.5101,21.5500,1.0620,10.620,0.0200,1,91,1716,75.0,25.0,50.0,50.0
5,47,16,0,0,1,1,0,1,0,1,7.8078,8.580000,0.055300,8.640000,523502.5101,14.8000,1.0690,10.690,0.0000,1,91,1716,75.0,25.0,25.0,75.0
5,48,16,0,0,0,1,1,0,0,0,7.9807,8.770000,0.055300,8.820000,523502.5101,21.8100,1.0690,10.690,0.0200,1,91,1716,75.0,25.0,75.0,25.0
5,49,16,1,1,1,1,1,0,1,1,7.6713,8.430000,0.055300,8.490000,523502.5101,12.9800,1.0610,10.610,0.0100,1,91,1716,0.0,100.0,25.0,75.0
5,50,16,1,1,0,1,0,0,0,1,7.8442,8.620000,0.055300,8.670000,523502.5101,8.8600,1.0650,10.650,0.0300,1,91,1716,75.0,25.0,25.0,75.0
5,51,16,1,1,0,1,0,0,0,0,7.7168,8.480000,0.055300,8.530000,523502.5101,31.0200,1.0600,10.600,0.0400,1,91,1716,75.0,25.0,50.0,50.0
5,52,16,1,1,1,0,0,0,1,1,8.2355,9.050000,0.055300,9.100000,523502.5101,9.4300,1.0680,10.680,0.0000,1,91,1716,25.0,75.0,50.0,50.0
5,53,16,1,0,0,0,1,1,1,1,7.6167,8.370000,0.055300,8.420000,523502.5101,24.4700,1.0660,10.660,0.0200,1,91,1716,25.0,75.0,50.0,50.0
5,54,16,0,1,0,1,1,0,1,1,7.5894,8.340000,0.055300,8.390000,523502.5101,6.7000,1.0560,10.560,0.1200,1,91,1716,50.0,50.0,25.0,75.0
5,55,16,0,1,1,0,0,0,1,0,7.9352,8.720000,0.055300,8.780000,523502.5101,21.4500,1.0530,10.530,0.1000,1,91,1716,50.0,50.0,75.0,25.0
5,56,16,1,1,1,0,0,1,0,1,7.7623,8.530000,0.055300,8.590000,523502.5101,9.0800,1.0670,10.670,0.0000,1,91,1716,50.0,50.0,25.0,75.0
5,57,16,1,0,0,0,1,0,0,0,7.1981,7.910000,0.055200,7.960000,523502.5101,21.8100,1.0700,10.700,0.0000,1,91,1716,50.0,50.0,100.0,0.0
5,58,16,0,0,0,0,1,1,0,1,7.8624,8.640000,0.055400,8.690000,523502.5101,15.0100,1.0680,10.680,0.0000,1,91,1716,75.0,25.0,50.0,50.0
5,59,16,0,1,0,1,1,1,1,1,6.6976,7.360000,0.055300,7.420000,523502.5101,15.9300,1.0220,10.220,0.3400,1,91,1716,50.0,50.0,0.0,100.0
5,60,16,1,0,0,1,0,1,1,0,7.9716,8.760000,0.055300,8.820000,523502.5101,22.5500,1.0650,10.650,0.0000,1,91,1716,50.0,50.0,50.0,50.0
5,61,16,1,1,1,1,0,1,1,0,7.8442,8.620000,0.055300,8.680000,523502.5101,34.0400,1.0640,10.640,0.0000,1,91,1716,25.0,75.0,25.0,75.0
5,62,16,1,0,1,1,0,0,0,0,7.9443,8.730000,0.055400,8.780000,523502.5101,21.9400,1.0610,10.610,0.0300,1,91,1716,50.0,50.0,75.0,25.0
5,63,16,0,0,0,0,0,0,0,1,7.2891,8.010000,0.055100,8.070000,523502.5101,14.2400,1.0700,10.700,0.0000,1,91,1716,100.0,0.0,75.0,25.0
5,64,16,1,0,1,1,0,0,0,1,7.7441,8.510000,0.055300,8.570000,523502.5101,14.2400,1.0640,10.640,0.0100,1,91,1716,50.0,50.0,50.0,50.0
5,65,16,0,1,1,0,0,0,0,0,7.7441,8.510000,0.055300,8.570000,523502.5101,21.1600,1.0600,10.600,0.0800,1,91,1716,75.0,25.0,75.0,25.0
5,66,16,1,0,0,0,0,1,1,1,7.5075,8.250000,0.055300,8.300000,523502.5101,23.8500,1.0630,10.630,0.0100,1,91,1716,50.0,50.0,50.0,50.0
5,67,16,1,1,1,0,0,0,0,1,8.0808,8.880000,0.055300,8.940000,523502.5101,8.8600,1.0620,10.620,0.0000,1,91,1716,50.0,50.0,50.0,50.0
5,68,16,1,0,0,0,0,0,1,1,7.5348,8.280000,0.055300,8.330000,523502.5101,14.4100,1.0650,10.650,0.0000,1,91,1716,50.0,50.0,75.0,25.0
5,69,16,1,1,0,0,0,1,1,0,7.8624,8.640000,0.055300,8.690000,523502.5101,32.1400,1.0560,10.560,0.1300,1,91,1716,50.0,50.0,50.0,50.0
5,70,16,0,0,1,1,0,0,0,1,7.6804,8.440000,0.055300,8.490000,523502.5101,14.2400,1.0660,10.660,0.0100,1,91,1716,75.0,25.0,50.0,50.0
5,71,16,1,0,1,0,1,0,0,0,7.3437,8.070000,0.055200,8.120000,523502.5101,21.8100,1.0650,10.650,0.0700,1,91,1716,25.0,75.0,100.0,0.0
5,72,16,1,1,0,0,0,1,1,1,7.6258,8.380000,0.055300,8.440000,523502.5101,9.9100,1.0660,10.660,0.0100,1,91,1716,50.0,50.0,25.0,75.0
5,73,16,1,0,1,1,1,1,1,1,8.0262,8.820000,0.055300,8.870000,523502.5101,25.3900,1.0610,10.610,0.0000,1,91,1716,0.0,100.0,25.0,75.0
5,74,16,0,0,1,0,1,1,0,0,7.5257,8.270000,0.055300,8.320000,523502.5101,21.9800,1.0610,10.610,0.0800,1,91,1716,50.0,50.0,75.0,25.0
5,75,16,0,0,0,0,0,0,1,0,7.1435,7.850000,0.055200,7.910000,523502.5101,22.4400,1.0710,10.710,0.0000,1,91,1716,75.0,25.0,100.0,0.0
5,76,16,0,1,0,0,0,0,1,1,8.2719,9.090000,0.055300,9.150000,523502.5101,6.6100,1.0610,10.610,0.0000,1,91,1716,75.0,25.0,50.0,50.0
5,77,16,1,0,1,0,0,0,1,0,7.2527,7.970000,0.055200,8.020000,523502.5101,22.4400,1.0690,10.690,0.0300,1,91,1716,25.0,75.0,100.0,0.0
5,78,16,0,1,0,1,0,0,1,1,7.5530,8.300000,0.055300,8.350000,523502.5101,6.6100,1.0690,10.690,0.0000,1,91,1716,75.0,25.0,25.0,75.0
5,79,16,0,0,0,0,0,1,1,0,7.6622,8.420000,0.055300,8.470000,523502.5101,22.5100,1.0580,10.580,0.1200,1,91,1716,75.0,25.0,75.0,25.0
5,80,16,0,0,1,0,0,1,0,0,7.5803,8.330000,0.055400,8.380000,523502.5101,22.1600,1.0550,10.550,0.1400,1,91,1716,75.0,25.0,75.0,25.0
5,81,16,0,0,0,1,1,0,0,1,7.8897,8.670000,0.055300,8.720000,523502.5101,14.1200,1.0620,10.620,0.0400,1,91,1716,75.0,25.0,50.0,50.0
6,0,16,1,0,1,1,1,1,0,0,8.2537,9.070000,0.055300,9.130000,523502.5101,22.0100,1.0520,10.520,0.1300,1,91,1716,25.0,75.0,50.0,50.0
6,1,16,1,0,0,0,1,1,0,0,7.7259,8.490000,0.055300,8.550000,523502.5101,21.9800,1.0690,10.690,0.0200,1,91,1716,50.0,50.0,75.0,25.0
6,2,16,1,1,1,0,0,1,1,0,7.9443,8.730000,0.055300,8.790000,523502.5101,32.1400,1.0660,10.660,0.0300,1,91,1716,25.0,75.0,50.0,50.0
6,3,16,0,1,1,1,0,0,0,0,7.9625,8.750000,0.055400,8.810000,523502.5101,21.6300,1.0500,10.500,0.1300,1,91,1716,75.0,25.0,50.0,50.0
6,4,16,0,0,0,1,0,0,0,1,7.6349,8.390000,0.055100,8.440000,523502.5101,14.2400,1.1970,11.970,-1.2500,0,91,1716,100.0,0.0,50.0,50.0
6,5,16,0,1,0,1,1,1,0,0,7.7259,8.490000,0.055300,8.550000,523502.5101,21.2000,1.0630,10.630,0.0600,1,91,1716,75.0,25.0,25.0,75.0
6,6,16,1,0,1,1,0,1,1,1,8.0444,8.840000,0.055300,8.900000,523502.5101,23.9400,1.0590,10.590,0.0500,1,91,1716,25.0,75.0,25.0,75.0
6,7,16,1,1,1,0,1,1,0,0,7.9716,8.760000,0.055300,8.810000,523502.5101,31.2200,1.0580,10.580,0.1200,1,91,1716,25.0,75.0,50.0,50.0
6,8,16,1,1,1,0,0,0,0,0,8.0444,8.840000,0.055300,8.890000,523502.5101,31.0200,1.0640,10.640,0.0100,1,91,1716,50.0,50.0,75.0,25.0
6,9,16,0,0,1,0,1,0,1,1,7.6258,8.380000,0.055300,8.430000,523502.5101,14.5200,1.0690,10.690,0.0000,1,91,1716,25.0,75.0,75.0,25.0
6,10,16,1,0,1,1,1,0,0,0,8.0444,8.840000,0.055300,8.900000,523502.5101,21.8100,1.0630,10.630,0.0000,1,91,1716,25.0,75.0,75.0,25.0
6,11,16,1,1,0,0,1,1,1,1,7.8715,8.650000,0.055300,8.710000,523502.5101,11.0000,1.0620,10.620,0.0100,1,91,1716,25.0,75.0,25.0,75.0
6,12,16,1,1,1,1,0,0,1,1,7.6531,8.410000,0.055300,8.460000,523502.5101,10.6700,1.0680,10.680,-0.0200,0,91,1716,25.0,75.0,25.0,75.0
6,13,16,1,0,0,1,1,1,1,1,7.8533,8.630000,0.055300,8.690000,523502.5101,25.3900,1.0660,10.660,0.0000,1,91,1716,25.0,75.0,25.0,75.0
6,14,16,0,0,1,1,0,0,1,1,7.6531,8.410000,0.055300,8.470000,523502.5101,14.4100,1.0600,10.600,0.0100,1,91,1716,50.0,50.0,50.0,50.0
6,15,16,1,0,0,1,1,1,0,0,8.1445,8.950000,0.055300,9.010000,523502.5101,22.0100,1.0420,10.420,0.2800,1,91,1716,50.0,50.0,50.0,50.0
6,16,16,0,0,0,0,0,0,1,1,7.4802,8.220000,0.055300,8.270000,523502.5101,14.4100,1.0690,10.690,0.0000,1,91,1716,75.0,25.0,75.0,25.0
6,17,16,0,0,0,0,1,0,1,0,7.0070,7.700000,0.055200,7.750000,523502.5101,22.4900,1.0710,10.710,0.0200,1,91,1716,50.0,50.0,100.0,0.0
6,18,16,1,0,1,0,1,0,1,1,7.9170,8.700000,0.055300,8.750000,523502.5101,14.5200,1.0620,10.620,0.0200,1,91,1716,0.0,100.0,75.0,25.0
6,19,16,1,1,0,1,1,1,0,1,6.7886,7.460000,0.055300,7.520000,523502.5101,18.9300,1.0140,10.140,0.4400,1,91,1716,50.0,50.0,0.0,100.0
6,20,16,1,1,0,1,1,0,0,1,7.5075,8.250000,0.055300,8.300000,523502.5101,8.9100,1.0490,10.490,0.2000,1,91,1716,50.0,50.0,25.0,75.0
6,21,16,1,0,1,1,0,1,1,0,8.2628,9.080000,0.055300,9.140000,523502.5101,22.5500,1.0630,10.630,0.0600,1,91,1716,25.0,75.0,50.0,50.0
6,22,16,0,1,1,0,0,0,1,1,7.7714,8.540000,0.055300,8.590000,523502.5101,6.6700,1.0670,10.670,0.0000,1,91,1716,50.0,50.0,50.0,50.0
6,23,16,1,0,0,0,0,0,0,1,7.6349,8.390000,0.055300,8.450000,523502.5101,14.2400,1.0620,10.620,0.0200,1,91,1716,75.0,25.0,75.0,25.0
6,24,16,1,1,0,0,1,0,1,1,7.5621,8.310000,0.055300,8.360000,523502.5101,9.5200,1.0660,10.660,0.0100,1,91,1716,25.0,75.0,50.0,50.0
6,25,16,0,1,0,1,1,0,1,0,7.9534,8.740000,0.055300,8.790000,523502.5101,21.6700,1.0670,10.670,0.0300,1,91,1716,50.0,50.0,50.0,50.0
6,26,16,0,0,0,1,0,0,1,0,7.7987,8.570000,0.055300,8.620000,523502.5101,22.4400,1.0650,10.650,0.0400,1,91,1716,75.0,25.0,75.0,25.0
6,27,16,1,1,1,0,1,0,1,0,8.1081,8.910000,0.055300,8.960000,523502.5101,31.9100,1.0650,10.650,0.0000,1,91,1716,0.0,100.0,75.0,25.0
6,28,16,1,1,1,1,0,1,0,0,7.8260,8.600000,0.055300,8.660000,523502.5101,33.0700,1.0630,10.630,0.0100,1,91,1716,50.0,50.0,25.0,75.0
6,29,16,0,0,1,1,1,1,1,1,8.0626,8.860000,0.055300,8.920000,523502.5101,25.3900,1.0680,10.680,0.0300,1,91,1716,25.0,75.0,25.0,75.0
6,30,16,1,0,1,0,0,1,1,0,7.6622,8.420000,0.055300,8.480000,523502.5101,22.5100,1.0650,10.650,0.0300,1,91,1716,25.0,75.0,75.0,25.0
6,31,16,0,1,0,1,1,1,0,1,6.8614,7.540000,0.055300,7.590000,523502.5101,14.3400,0.9480,9.480,1.0600,1,91,1716,75.0,25.0,0.0,100.0
6,32,16,1,0,0,0,0,0,1,0,7.0525,7.750000,0.055200,7.800000,523502.5101,22.4400,1.0690,10.690,0.0100,1,91,1716,50.0,50.0,100.0,0.0
6,33,16,0,1,1,0,0,1,1,0,7.8806,8.660000,0.055300,8.720000,523502.5101,21.9100,1.0660,10.660,0.0200,1,91,1716,50.0,50.0,50.0,50.0
6,34,16,1,0,0,1,0,1,1,1,7.8078,8.580000,0.055300,8.640000,523502.5101,23.9400,1.0630,10.630,0.0000,1,91,1716,50.0,50.0,25.0,75.0
6,35,16,1,1,0,1,0,1,1,0,7.6895,8.450000,0.055300,8.500000,523502.5101,32.2500,1.0650,10.650,0.0000,1,91,1716,50.0,50.0,25.0,75.0
6,36,16,0,0,1,1,0,1,1,1,7.8442,8.620000,0.055300,8.670000,523502.5101,23.9400,1.0630,10.630,0.0000,1,91,1716,50.0,50.0,25.0,75.0
6,37,16,1,1,1,1,0,1,1,1,6.9524,7.640000,0.055300,7.690000,523502.5101,19.9600,1.0340,10.340,0.2300,1,91,1716,25.0,75.0,0.0,100.0
6,38,16,1,0,1,0,1,1,0,0,7.8442,8.620000,0.055300,8.680000,523502.5101,21.9800,1.0560,10.560,0.0000,1,91,1716,25.0,75.0,75.0,25.0
6,39,16,1,0,0,1,0,0,0,1,7.7259,8.490000,0.055300,8.550000,523502.5101,14.2400,1.0690,10.690,0.0100,1,91,1716,75.0,25.0,50.0,50.0
6,40,16,0,0,1,1,0,1,0,0,7.9989,8.790000,0.055300,8.850000,523502.5101,22.1900,1.0530,10.530,0.1200,1,91,1716,75.0,25.0,50.0,50.0
6,41,16,1,0,1,0,1,0,0,1,8.0171,8.810000,0.055300,8.860000,523502.5101,14.1200,1.0670,10.670,0.0200,1,91,1716,25.0,75.0,75.0,25.0
6,42,16,0,1,1,0,0,1,1,1,7.7441,8.510000,0.055300,8.560000,523502.5101,7.0400,1.0680,10.680,0.0200,1,91,1716,50.0,50.0,25.0,75.0
6,43,16,1,1,1,1,1,1,1,0,7.8260,8.600000,0.055300,8.660000,523502.5101,46.3200,1.0630,10.630,0.0200,1,91,1716,0.0,100.0,25.0,75.0
6,44,16,0,1,1,0,1,0,0,0,7.8715,8.650000,0.055300,8.710000,523502.5101,21.1400,1.0660,10.660,0.0200,1,91,1716,50.0,50.0,75.0,25.0
6,45,16,1,0,0,0,1,1,0,1,7.6440,8.400000,0.055300,8.460000,523502.5101,15.0100,1.0620,10.620,0.0300,1,91,1716,50.0,50.0,50.0,50.0
6,46,16,0,0,1,0,1,1,1,0,7.8169,8.590000,0.055300,8.650000,523502.5101,22.7900,1.0650,10.650,0.0200,1,91,1716,25.0,75.0,75.0,25.0
6,47,16,0,0,0,0,1,1,1,0,7.7441,8.510000,0.055300,8.560000,523502.5101,22.7900,1.0600,10.600,0.0800,1,91,1716,50.0,50.0,75.0,25.0
6,48,16,0,0,0,1,0,0,0,0,7.5712,8.320000,0.055100,8.370000,523502.5101,21.9400,1.2640,12.640,-1.8900,0,91,1716,100.0,0.0,75.0,25.0
6,49,16,0,0,1,0,0,1,1,1,7.5712,8.320000,0.055300,8.380000,523502.5101,23.8500,1.0680,10.680,0.0000,1,91,1716,50.0,50.0,50.0,50.0
6,50,16,0,1,0,0,0,1,1,1,7.6713,8.430000,0.055300,8.490000,523502.5101,6.9900,1.0640,10.640,0.0200,1,91,1716,75.0,25.0,25.0,75.0
6,51,16,1,1,0,0,1,1,0,0,7.8806,8.660000,0.055300,8.710000,523502.5101,31.2200,1.0580,10.580,0.1100,1,91,1716,50.0,50.0,50.0,50.0
6,52,16,1,0,0,1,1,0,0,0,7.9170,8.700000,0.055300,8.760000,523502.5101,21.8100,1.0600,10.600,0.1100,1,91,1716,50.0,50.0,75.0,25.0
6,53,16,1,1,0,1,1,0,1,1,7.6440,8.400000,0.055300,8.450000,523502.5101,10.0700,1.0640,10.640,0.0100,1,91,1716,25.0,75.0,25.0,75.0
6,54,16,1,0,0,0,1,0,1,0,7.2163,7.930000,0.055200,7.980000,523502.5101,22.4900,1.0510,10.510,0.2100,1,91,1716,25.0,75.0,100.0,0.0
6,55,16,0,1,0,1,1,1,1,0,7.5075,8.250000,0.055300,8.310000,523502.5101,21.8500,1.0650,10.650,0.0300,1,91,1716,50.0,50.0,25.0,75.0
6,56,16,0,1,0,0,1,0,1,0,8.0080,8.800000,0.055300,8.860000,523502.5101,21.5900,1.0650,10.650,0.0100,1,91,1716,50.0,50.0,75.0,25.0
6,57,16,0,0,0,1,0,1,1,0,7.9079,8.690000,0.055300,8.750000,523502.5101,22.5500,1.0550,10.550,0.1600,1,91,1716,75.0,25.0,50.0,50.0
6,58,16,0,0,1,0,0,0,1,0,7.2982,8.020000,0.055200,8.080000,523502.5101,22.4400,1.0710,10.710,0.0100,1,91,1716,50.0,50.0,100.0,0.0
6,59,16,0,0,0,0,1,1,0,0,7.5894,8.340000,0.055300,8.400000,523502.5101,21.9800,1.0630,10.630,0.0100,1,91,1716,75.0,25.0,75.0,25.0
6,60,16,1,1,0,0,1,1,1,0,7.7805,8.550000,0.055300,8.610000,523502.5101,32.2100,1.0620,10.620,0.0200,1,91,1716,25.0,75.0,50.0,50.0
6,61,16,1,0,1,0,0,1,1,1,7.7532,8.520000,0.055300,8.570000,523502.5101,23.8500,1.0620,10.620,0.0100,1,91,1716,25.0,75.0,50.0,50.0
6,62,16,0,1,0,0,0,0,0,1,7.6076,8.360000,0.055100,8.420000,523502.5101,6.3700,1.3970,13.970,-3.2400,0,91,1716,100.0,0.0,50.0,50.0
6,63,16,1,1,0,1,1,0,0,0,7.6349,8.390000,0.055300,8.440000,523502.5101,31.2100,1.0620,10.620,0.0000,1,91,1716,50.0,50.0,50.0,50.0
6,64,16,1,0,1,1,0,0,1,1,7.9807,8.770000,0.055300,8.830000,523502.5101,14.4100,1.0610,10.610,0.0200,1,91,1716,25.0,75.0,50.0,50.0
6,65,16,1,0,1,1,1,0,1,0,7.6713,8.430000,0.055300,8.490000,523502.5101,22.4900,1.0620,10.620,0.0100,1,91,1716,0.0,100.0,75.0,25.0
6,66,16,1,1,0,1,0,1,1,1,6.8887,7.570000,0.055300,7.620000,523502.5101,18.4000,1.0240,10.240,0.3300,1,91,1716,50.0,50.0,0.0,100.0
6,67,16,1,0,0,1,1,0,0,1,7.6258,8.380000,0.055300,8.440000,523502.5101,14.1200,1.0670,10.670,0.0100,1,91,1716,50.0,50.0,50.0,50.0
6,68,16,1,0,1,0,0,0,0,1,7.6804,8.440000,0.055300,8.490000,523502.5101,14.2400,1.0710,10.710,0.0000,1,91,1716,50.0,50.0,75.0,25.0
6,69,16,1,0,1,1,0,0,1,0,7.6076,8.360000,0.055300,8.420000,523502.5101,22.4400,1.0570,10.570,0.1300,1,91,1716,25.0,75.0,75.0,25.0
6,70,16,1,0,0,0,0,0,0,0,7.0980,7.800000,0.055200,7.850000,523502.5101,21.9400,1.0700,10.700,0.0300,1,91,1716,75.0,25.0,100.0,0.0
6,71,16,1,1,1,1,0,0,0,1,7.7259,8.490000,0.055300,8.550000,523502.5101,10.5900,1.0640,10.640,0.0400,1,91,1716,50.0,50.0,25.0,75.0
6,72,16,0,1,0,1,0,0,1,0,7.6986,8.460000,0.055300,8.520000,523502.5101,21.3500,1.0610,10.610,0.0200,1,91,1716,75.0,25.0,50.0,50.0
6,73,16,0,1,1,1,1,1,0,0,7.5348,8.280000,0.055300,8.330000,523502.5101,21.9200,1.0700,10.700,0.0000,1,91,1716,50.0,50.0,25.0,75.0
6,74,16,1,1,1,0,1,0,0,0,7.9625,8.750000,0.055300,8.810000,523502.5101,31.0000,1.0630,10.630,0.0100,1,91,1716,25.0,75.0,75.0,25.0
6,75,16,0,0,1,0,0,1,0,1,7.7623,8.530000,0.055300,8.590000,523502.5101,14.7500,1.0650,10.650,0.0200,1,91,1716,75.0,25.0,50.0,50.0
6,76,16,1,1,1,0,0,0,1,0,8.1172,8.920000,0.055300,8.980000,523502.5101,31.6700,1.0660,10.660,0.0000,1,91,1716,25.0,75.0,75.0,25.0
6,77,16,1,0,0,0,0,1,1,0,7.7532,8.520000,0.055300,8.580000,523502.5101,22.5100,1.0640,10.640,0.0000,1,91,1716,50.0,50.0,75.0,25.0
6,78,16,1,0,0,1,0,0,1,0,8.0444,8.840000,0.055300,8.900000,523502.5101,22.4400,1.0560,10.560,0.1400,1,91,1716,50.0,50.0,75.0,25.0
6,79,16,1,0,1,0,1,1,1,0,7.8260,8.600000,0.055300,8.660000,523502.5101,22.7900,1.0640,10.640,0.0100,1,91,1716,0.0,100.0,75.0,25.0
6,80,16,0,0,1,0,1,0,1,0,7.3164,8.040000,0.055200,8.090000,523502.5101,22.4900,1.0710,10.710,0.0100,1,91,1716,25.0,75.0,100.0,0.0
6,81,16,0,0,0,1,1,1,0,1,7.9989,8.790000,0.055300,8.840000,523502.5101,15.3100,1.0680,10.680,0.0000,1,91,1716,75.0,25.0,25.0,75.0
6,82,16,0,1,0,1,1,0,0,0,7.8533,8.630000,0.055300,8.690000,523502.5101,21.1500,1.0650,10.650,0.0000,1,91,1716,75.0,25.0,50.0,50.0
6,83,16,0,0,1,1,1,0,1,1,7.6531,8.410000,0.055300,8.470000,523502.5101,14.5200,1.0700,10.700,0.0100,1,91,1716,25.0,75.0,50.0,50.0
6,84,16,1,1,1,1,1,1,0,1,7.0980,7.800000,0.055300,7.850000,523502.5101,21.9900,1.0430,10.430,0.1300,1,91,1716,25.0,75.0,0.0,100.0
6,85,16,0,0,1,0,0,0,0,0,7.1799,7.890000,0.055200,7.940000,523502.5101,21.9400,1.0600,10.600,0.1300,1,91,1716,75.0,25.0,100.0,0.0
6,86,16,0,1,0,0,0,1,1,0,7.8078,8.580000,0.055300,8.640000,523502.5101,21.8200,1.0630,10.630,0.0400,1,91,1716,75.0,25.0,50.0,50.0
6,87,16,0,1,1,0,1,1,1,0,7.8533,8.630000,0.055300,8.680000,523502.5101,22.0100,1.0680,10.680,0.0200,1,91,1716,25.0,75.0,50.0,50.0
6,88,16,1,0,1,1,1,0,1,1,7.9625,8.750000,0.055300,8.800000,523502.5101,14.5200,1.0630,10.630,0.0100,1,91,1716,0.0,100.0,50.0,50.0
6,89,16,1,1,0,0,0,1,0,1,7.7714,8.540000,0.055300,8.590000,523502.5101,9.0800,1.0690,10.690,0.0200,1,91,1716,75.0,25.0,25.0,75.0
6,90,16,1,1,1,1,1,1,0,0,7.6349,8.390000,0.055300,8.450000,523502.5101,35.6600,1.0640,10.640,0.0000,1,91,1716,25.0,75.0,25.0,75.0
6,91,16,1,1,0,1,0,1,0,0,7.6622,8.420000,0.055300,8.480000,523502.5101,32.1400,1.0680,10.680,0.0000,1,91,1716,75.0,25.0,25.0,75.0
6,92,16,0,0,1,1,1,0,0,1,7.8533,8.630000,0.055300,8.680000,523502.5101,14.1200,1.0640,10.640,0.0100,1,91,1716,50.0,50.0,50.0,50.0
6,93,16,0,1,0,0,0,0,0,0,7.6440,8.400000,0.055100,8.450000,523502.5101,21.0700,1.4000,14.000,-3.2800,0,91,1716,100.0,0.0,75.0,25.0
6,94,16,1,1,1,0,1,1,1,0,8.0808,8.880000,0.055300,8.940000,523502.5101,32.2100,1.0650,10.650,0.0000,1,91,1716,0.0,100.0,50.0,50.0
6,95,16,1,0,0,1,0,1,0,1,8.0262,8.820000,0.055300,8.880000,523502.5101,14.8000,1.0640,10.640,0.0300,1,91,1716,75.0,25.0,25.0,75.0
6,96,16,0,1,1,1,1,1,1,1,6.7795,7.450000,0.055300,7.510000,523502.5101,17.6700,1.0260,10.260,0.3000,1,91,1716,25.0,75.0,0.0,100.0
6,97,16,0,0,1,1,1,1,0,0,7.9170,8.700000,0.055300,8.760000,523502.5101,22.0100,1.0700,10.700,0.0100,1,91,1716,50.0,50.0,50.0,50.0
6,98,16,0,1,1,1,0,1,0,0,7.3346,8.060000,0.055300,8.110000,523502.5101,22.1700,1.0640,10.640,0.0000,1,91,1716,75.0,25.0,25.0,75.0
6,99,16,1,0,0,0,1,1,1,0,7.8897,8.670000,0.055300,8.720000,523502.5101,22.7900,1.0620,10.620,0.0200,1,91,1716,25.0,75.0,75.0,25.0
7,2,16,1,0,1,1,1,0,0,1,7.7623,8.530000,0.055300,8.590000,523502.5101,14.1200,1.0670,10.670,0.0100,1,91,1716,25.0,75.0,50.0,50.0
7,5,16,0,1,0,1,0,0,0,0,7.7623,8.530000,0.055100,8.580000,523502.5101,21.0700,1.2600,12.600,-1.8800,0,91,1716,100.0,0.0,50.0,50.0
7,10,16,0,0,1,1,1,0,1,0,7.8806,8.660000,0.055300,8.710000,523502.5101,22.4900,1.0610,10.610,0.0500,1,91,1716,25.0,75.0,75.0,25.0
7,11,16,1,1,1,0,1,0,1,1,8.0626,8.860000,0.055300,8.920000,523502.5101,9.5200,1.0660,10.660,0.0100,1,91,1716,0.0,100.0,50.0,50.0
7,13,16,0,0,0,0,0,1,0,1,7.4893,8.230000,0.055100,8.290000,523502.5101,14.7500,1.4300,14.300,-3.5800,0,91,1716,100.0,0.0,50.0,50.0
7,15,16,1,0,1,1,1,1,1,0,8.3720,9.200000,0.055300,9.260000,523502.5101,22.8300,1.0660,10.660,0.0300,1,91,1716,0.0,100.0,50.0,50.0
7,16,16,1,1,0,0,0,0,0,0,7.8624,8.640000,0.055300,8.690000,523502.5101,31.0200,1.0620,10.620,0.0700,1,91,1716,75.0,25.0,75.0,25.0
7,17,16,1,1,0,0,1,0,0,0,7.8078,8.580000,0.055300,8.630000,523502.5101,31.0000,1.0610,10.610,0.0100,1,91,1716,50.0,50.0,75.0,25.0
7,18,16,1,1,0,0,1,0,1,0,7.9534,8.740000,0.055300,8.790000,523502.5101,31.9100,1.0680,10.680,0.0200,1,91,1716,25.0,75.0,75.0,25.0
7,19,16,0,0,1,1,1,0,0,0,7.8078,8.580000,0.055300,8.630000,523502.5101,21.8100,1.0670,10.670,0.0300,1,91,1716,50.0,50.0,75.0,25.0
7,23,16,1,0,1,0,1,1,0,1,7.6804,8.440000,0.055300,8.500000,523502.5101,15.0100,1.0690,10.690,0.0100,1,91,1716,25.0,75.0,50.0,50.0
7,24,16,0,1,0,1,0,0,0,1,7.5530,8.300000,0.055100,8.360000,523502.5101,6.3700,1.2770,12.770,-2.0100,0,91,1716,100.0,0.0,25.0,75.0
7,26,16,0,1,1,1,1,1,0,1,6.9888,7.680000,0.055300,7.730000,523502.5101,15.5600,1.0390,10.390,0.1800,1,91,1716,50.0,50.0,0.0,100.0
7,27,16,1,1,1,0,0,1,0,0,7.7896,8.560000,0.055300,8.620000,523502.5101,31.5800,1.0660,10.660,0.0000,1,91,1716,50.0,50.0,50.0,50.0
7,29,16,0,0,0,0,1,0,0,0,7.1708,7.880000,0.055200,7.930000,523502.5101,21.8100,1.0680,10.680,0.0000,1,91,1716,75.0,25.0,100.0,0.0
7,33,16,0,0,0,1,1,1,1,1,7.8988,8.680000,0.055300,8.740000,523502.5101,25.3900,1.0600,10.600,0.0900,1,91,1716,50.0,50.0,25.0,75.0
7,35,16,1,0,1,1,0,1,0,1,7.9716,8.760000,0.055300,8.810000,523502.5101,14.8000,1.0650,10.650,0.0300,1,91,1716,50.0,50.0,25.0,75.0
7,37,16,0,1,0,0,1,0,0,0,7.8351,8.610000,0.055300,8.670000,523502.5101,21.0500,1.0620,10.620,0.0200,1,91,1716,75.0,25.0,75.0,25.0
7,39,16,0,0,0,1,0,1,1,1,8.0080,8.800000,0.055300,8.850000,523502.5101,23.9400,1.0630,10.630,0.0000,1,91,1716,75.0,25.0,25.0,75.0
7,43,16,0,0,0,0,0,1,0,0,7.2800,8.000000,0.055100,8.050000,523502.5101,22.1600,1.4190,14.190,-3.4400,0,91,1716,100.0,0.0,75.0,25.0
7,45,16,1,1,0,1,1,1,1,1,6.8614,7.540000,0.055300,7.590000,523502.5101,21.5100,1.0410,10.410,0.1700,1,91,1716,25.0,75.0,0.0,100.0
7,46,16,0,1,1,1,0,1,1,1,7.0616,7.760000,0.055300,7.810000,523502.5101,15.9100,1.0480,10.480,0.0900,1,91,1716,50.0,50.0,0.0,100.0
7,47,16,0,0,1,1,0,1,1,0,8.1081,8.910000,0.055300,8.970000,523502.5101,22.5500,1.0560,10.560,0.0900,1,91,1716,50.0,50.0,50.0,50.0
7,50,16,1,0,0,0,1,0,1,1,7.5257,8.270000,0.055300,8.330000,523502.5101,14.5200,1.0650,10.650,0.0300,1,91,1716,25.0,75.0,75.0,25.0
7,52,16,1,0,0,1,1,0,1,0,7.8078,8.580000,0.055300,8.640000,523502.5101,22.4900,1.0600,10.600,0.0900,1,91,1716,25.0,75.0,75.0,25.0
7,54,16,1,1,1,1,1,0,1,0,7.9079,8.690000,0.055300,8.740000,523502.5101,44.6700,1.0640,10.640,0.0200,1,91,1716,0.0,100.0,50.0,50.0
7,55,16,0,0,1,1,0,0,0,0,7.7077,8.470000,0.055300,8.520000,523502.5101,21.9400,1.0580,10.580,0.0800,1,91,1716,75.0,25.0,75.0,25.0
7,58,16,1,0,1,1,0,1,0,0,8.1900,9.000000,0.055300,9.060000,523502.5101,22.1900,1.0630,10.630,0.0000,1,91,1716,50.0,50.0,50.0,50.0
7,61,16,1,1,0,0,0,0,1,1,7.9170,8.700000,0.055300,8.760000,523502.5101,9.4300,1.0680,10.680,0.0300,1,91,1716,50.0,50.0,50.0,50.0
7,62,16,1,1,0,0,0,1,0,0,7.8260,8.600000,0.055400,8.650000,523502.5101,31.5800,1.0650,10.650,0.0200,1,91,1716,75.0,25.0,50.0,50.0
7,63,16,1,1,1,0,0,1,1,1,7.8260,8.600000,0.055300,8.650000,523502.5101,9.9100,1.0670,10.670,0.0000,1,91,1716,25.0,75.0,25.0,75.0
7,64,16,1,0,1,1,1,1,0,1,7.9534,8.740000,0.055300,8.800000,523502.5101,15.3100,1.0620,10.620,0.0000,1,91,1716,25.0,75.0,25.0,75.0
7,65,16,1,1,0,1,1,0,1,0,7.6622,8.420000,0.055300,8.470000,523502.5101,40.7800,1.0660,10.660,0.0300,1,91,1716,25.0,75.0,50.0,50.0
7,67,16,0,0,1,0,1,0,0,0,7.3437,8.070000,0.055200,8.120000,523502.5101,21.8100,1.0720,10.720,0.0100,1,91,1716,50.0,50.0,100.0,0.0
7,68,16,1,1,1,0,1,1,0,1,7.6440,8.400000,0.055300,8.460000,523502.5101,9.1400,1.0610,10.610,0.0200,1,91,1716,25.0,75.0,25.0,75.0
7,70,16,1,0,0,0,1,0,0,1,7.7077,8.470000,0.055300,8.530000,523502.5101,14.1200,1.0660,10.660,0.0300,1,91,1716,50.0,50.0,75.0,25.0
7,71,16,1,0,1,0,0,0,0,0,7.3164,8.040000,0.055200,8.100000,523502.5101,21.9400,1.0700,10.700,0.0200,1,91,1716,50.0,50.0,100.0,0.0
7,72,16,1,1,0,1,1,1,1,0,7.5348,8.280000,0.055300,8.330000,523502.5101,34.5000,1.0680,10.680,0.0100,1,91,1716,25.0,75.0,25.0,75.0
7,78,16,1,0,1,0,0,1,0,0,7.6895,8.450000,0.055300,8.500000,523502.5101,22.1600,1.0640,10.640,0.0100,1,91,1716,50.0,50.0,75.0,25.0
7,80,16,1,1,0,0,0,0,1,0,7.7168,8.480000,0.055300,8.540000,523502.5101,31.6700,1.0640,10.640,0.0300,1,91,1716,50.0,50.0,75.0,25.0
7,81,16,0,0,0,1,1,0,1,0,7.7532,8.520000,0.055300,8.580000,523502.5101,22.4900,1.0660,10.660,0.0100,1,91,1716,50.0,50.0,75.0,25.0
7,85,16,0,0,0,1,0,0,1,1,8.1081,8.910000,0.055300,8.960000,523502.5101,14.4100,1.0610,10.610,0.0100,1,91,1716,75.0,25.0,50.0,50.0
7,87,16,1,1,0,1,0,1,0,1,6.4610,7.100000,0.055300,7.150000,523502.5101,17.6000,1.0260,10.260,0.3100,1,91,1716,75.0,25.0,0.0,100.0
7,88,16,0,1,1,0,0,0,0,1,8.0899,8.890000,0.055300,8.940000,523502.5101,6.4300,1.0650,10.650,0.0300,1,91,1716,75.0,25.0,50.0,50.0
7,89,16,0,0,1,1,1,1,1,0,8.1900,9.000000,0.055300,9.060000,523502.5101,22.8300,1.0640,10.640,0.0100,1,91,1716,25.0,75.0,50.0,50.0
7,90,16,1,0,0,1,0,0,1,1,7.7259,8.490000,0.055300,8.540000,523502.5101,14.4100,1.0640,10.640,0.0500,1,91,1716,50.0,50.0,50.0,50.0
7,94,16,1,1,1,1,0,1,0,1,6.8887,7.570000,0.055300,7.620000,523502.5101,19.0000,1.0490,10.490,0.1300,1,91,1716,50.0,50.0,0.0,100.0
7,97,16,0,1,0,0,1,1,0,1,7.7441,8.510000,0.055400,8.560000,523502.5101,6.6600,1.0630,10.630,0.0000,1,91,1716,75.0,25.0,25.0,75.0
8,0,16,1,0,0,0,0,1,0,1,7.7441,8.510000,0.055300,8.570000,523502.5101,14.7500,1.0610,10.610,0.1100,1,91,1716,75.0,25.0,50.0,50.0
8,17,16,1,1,1,1,1,0,0,1,7.8988,8.680000,0.055300,8.730000,523502.5101,12.2600,1.0600,10.600,0.0200,1,91,1716,25.0,75.0,25.0,75.0
8,26,16,1,0,0,0,0,1,0,0,7.7077,8.470000,0.055300,8.530000,523502.5101,22.1600,1.0650,10.650,0.0500,1,91,1716,75.0,25.0,75.0,25.0
8,27,16,0,0,0,0,1,0,0,1,7.2891,8.010000,0.055300,8.060000,523502.5101,14.1200,1.0680,10.680,0.0000,1,91,1716,75.0,25.0,75.0,25.0
8,43,16,1,0,1,0,0,0,1,1,7.7350,8.500000,0.055300,8.550000,523502.5101,14.4100,1.0660,10.660,0.0200,1,91,1716,25.0,75.0,75.0,25.0
8,49,16,1,0,0,1,1,0,1,1,7.6440,8.400000,0.055300,8.450000,523502.5101,14.5200,1.0650,10.650,0.0100,1,91,1716,25.0,75.0,50.0,50.0
8,55,16,1,1,1,0,1,0,0,1,7.8897,8.670000,0.055300,8.720000,523502.5101,8.7200,1.0670,10.670,0.0100,1,91,1716,25.0,75.0,50.0,50.0
8,65,16,0,0,0,1,1,0,1,1,7.8351,8.610000,0.055300,8.670000,523502.5101,14.5200,1.0610,10.610,0.0200,1,91,1716,50.0,50.0,50.0,50.0
8,67,16,1,0,0,1,0,1,0,0,8.2082,9.020000,0.055300,9.070000,523502.5101,22.1900,1.0660,10.660,0.0200,1,91,1716,75.0,25.0,50.0,50.0
8,69,16,0,0,0,1,1,1,0,0,8.0535,8.850000,0.055300,8.910000,523502.5101,22.0100,1.0610,10.610,0.0500,1,91,1716,75.0,25.0,50.0,50.0
8,74,16,0,1,1,1,0,0,0,1,7.7077,8.470000,0.055300,8.520000,523502.5101,7.1300,1.0560,10.560,0.0700,1,91,1716,75.0,25.0,25.0,75.0
8,85,16,0,1,1,1,0,1,0,1,6.7431,7.410000,0.055300,7.460000,523502.5101,15.2100,1.0110,10.110,0.4700,1,91,1716,75.0,25.0,0.0,100.0
8,92,16,0,0,0,1,1,1,1,0,8.0080,8.800000,0.055300,8.860000,523502.5101,22.8300,1.0640,10.640,0.0000,1,91,1716,50.0,50.0,50.0,50.0
8,98,16,0,0,1,0,0,0,0,1,7.5985,8.350000,0.055300,8.400000,523502.5101,14.2400,1.0680,10.680,0.0000,1,91,1716,75.0,25.0,75.0,25.0
9,13,16,1,1,0,1,0,0,1,1,7.4802,8.220000,0.055300,8.270000,523502.5101,9.4300,1.0600,10.600,0.0300,1,91,1716,50.0,50.0,25.0,75.0
9,57,16,0,0,1,0,0,0,1,1,7.3801,8.110000,0.055300,8.170000,523502.5101,14.4100,1.0620,10.620,0.0100,1,91,1716,50.0,50.0,75.0,25.0
9,83,16,0,1,0,1,1,0,0,1,7.7532,8.520000,0.055300,8.570000,523502.5101,6.2600,1.0640,10.640,0.0400,1,91,1716,75.0,25.0,25.0,75.0
10,22,16,0,1,1,0,1,1,0,1,7.5348,8.280000,0.055300,8.340000,523502.5101,6.7800,1.0660,10.660,0.0100,1,91,1716,50.0,50.0,25.0,75.0
10,29,16,1,1,0,0,1,0,0,1,7.6076,8.360000,0.055300,8.420000,523502.5101,8.7200,1.0660,10.660,0.0300,1,91,1716,50.0,50.0,50.0,50.0
10,58,16,0,1,0,0,1,0,0,1,7.8442,8.620000,0.055300,8.680000,523502.5101,6.2300,1.0680,10.680,0.0200,1,91,1716,75.0,25.0,50.0,50.0
10,64,16,0,1,1,0,1,0,0,1,7.7987,8.570000,0.055300,8.630000,523502.5101,6.2900,1.0650,10.650,0.0000,1,91,1716,50.0,50.0,50.0,50.0
10,98,16,0,0,1,0,1,0,0,1,7.4438,8.180000,0.055300,8.240000,523502.5101,14.1200,1.0640,10.640,0.0000,1,91,1716,50.0,50.0,75.0,25.0
11,8,16,0,1,1,0,0,1,0,1,7.7714,8.540000,0.055300,8.590000,523502.5101,6.6000,1.0680,10.680,0.0100,1,91,1716,75.0,25.0,25.0,75.0
11,83,16,0,0,0,1,0,1,0,1,7.5803,8.330000,0.055100,8.380000,523502.5101,14.8000,1.4700,14.700,-3.9700,0,91,1716,100.0,0.0,25.0,75.0
20,84,16,0,1,0,0,0,1,0,0,7.7896,8.560000,0.055100,8.610000,523502.5101,21.4600,1.4550,14.550,-3.8000,0,91,1716,100.0,0.0,50.0,50.0
28,65,16,1,0,1,0,0,1,0,1,7.4984,8.240000,0.055300,8.290000,523502.5101,14.7500,1.0630,10.630,0.0100,1,91,1716,50.0,50.0,50.0,50.0
