solution_id,fft_size,s0_mult,s0_add,s1_mult,s1_add,s2_mult,s2_add,s3_mult,s3_add,s4_mult,s4_add,s5_mult,s5_add,s6_mult,s6_add,s7_mult,s7_add,s8_mult,s8_add,s9_mult,s9_add,energy_nJ_perFFT,dyn_power_mW,static_power_mW,total_power_mW,area_um2,sqnr_dB,norm_latency,crit_delay_ns,slack_ns,meets_timing,avg_exec_cycles,tot_sim_cycles,on_pareto_front
0,1024,0,0,0,0,0,0,1,0,0,0,0,1,1,1,1,1,1,1,1,1,406.3036,7.720000,0.055400,7.770000,294718,10.9200,1.7617,10.570,0.1800,1,5263,102960,0
1,1024,0,0,0,0,0,0,1,0,0,0,1,1,1,1,1,1,1,1,1,1,404.1984,7.680000,0.055400,7.730000,294718,11.1114,1.7367,10.420,0.0100,1,5263,102960,1
2,1024,0,0,0,0,0,0,1,0,0,1,0,1,1,1,1,1,1,1,1,1,407.8825,7.750000,0.055400,7.800000,294718,10.8500,1.6733,10.040,0.4100,1,5263,102960,1
3,1024,0,0,0,0,0,0,1,1,0,1,0,0,1,1,1,1,1,1,1,1,422.0926,8.020000,0.055400,8.070000,294718,11.0364,1.6967,10.180,0.2900,1,5263,102960,0
4,1024,0,0,0,0,1,1,1,1,1,1,1,1,1,1,0,1,1,1,1,1,402.0932,7.640000,0.055400,7.690000,294718,10.1225,1.7183,10.310,0.0200,1,5263,102960,1
5,1024,0,0,1,0,0,0,1,0,1,0,0,0,1,1,0,1,1,1,1,1,406.3036,7.720000,0.055400,7.770000,294718,10.0512,1.7267,10.360,0.0800,1,5263,102960,0
6,1024,0,0,1,0,0,0,1,1,1,1,1,0,1,1,0,1,1,1,1,1,404.1984,7.680000,0.055400,7.740000,294718,10.2113,1.7417,10.450,0.0100,1,5263,102960,0
7,1024,0,0,1,0,0,0,1,1,1,1,1,0,1,1,1,1,1,1,1,1,424.7241,8.070000,0.055400,8.130000,294718,11.2910,1.7433,10.460,0.0600,1,5263,102960,0
8,1024,0,0,1,0,1,1,1,0,1,1,0,0,1,1,1,1,1,1,1,1,419.4611,7.970000,0.055400,8.020000,294718,11.1111,1.6900,10.140,0.3800,1,5263,102960,1
9,1024,0,0,1,0,1,1,1,1,1,1,1,1,1,1,1,1,1,1,1,0,434.1975,8.250000,0.055400,8.310000,294718,18.0256,1.6733,10.040,0.1600,1,5263,102960,1
10,1024,0,0,1,1,0,0,0,0,0,1,0,1,1,1,1,1,1,1,1,1,414.1981,7.870000,0.055400,7.920000,294718,11.0121,1.7217,10.330,0.0700,1,5263,102960,0
11,1024,0,0,1,1,0,0,0,0,1,1,1,0,1,1,0,1,1,1,1,1,372.0941,7.070000,0.055400,7.120000,294718,10.1385,1.7217,10.330,0.1600,1,5263,102960,1
12,1024,0,0,1,1,0,0,0,0,1,1,1,0,1,1,1,1,1,1,1,1,410.5140,7.800000,0.055400,7.860000,294718,11.2147,1.7350,10.410,0.0400,1,5263,102960,0
13,1024,0,0,1,1,0,0,1,1,0,1,0,1,1,1,1,1,1,1,1,1,419.9874,7.980000,0.055400,8.030000,294718,11.2499,1.7133,10.280,0.1000,1,5263,102960,0
14,1024,0,0,1,1,0,0,1,1,1,1,0,1,1,1,1,1,1,1,1,1,419.9874,7.980000,0.055400,8.040000,294718,11.3770,1.7483,10.490,0.0100,1,5263,102960,0
15,1024,0,0,1,1,1,1,1,1,0,0,1,0,1,1,1,1,1,1,1,1,351.0947,6.671000,0.055400,6.720000,294718,11.1043,1.7383,10.430,0.0000,1,5263,102960,1
16,1024,0,0,1,1,1,1,1,1,0,1,0,0,1,1,1,1,1,1,1,1,427.3556,8.120000,0.055400,8.180000,294718,10.9056,1.6250,9.750,0.5900,1,5263,102960,1
17,1024,0,0,1,1,1,1,1,1,0,1,0,1,1,1,1,1,1,1,1,1,422.0926,8.020000,0.055400,8.070000,294718,11.5493,1.7500,10.500,0.0100,1,5263,102960,0
18,1024,0,0,1,1,1,1,1,1,1,1,0,1,1,1,1,1,1,1,0,1,437.3553,8.310000,0.055400,8.360000,294718,10.0952,1.6633,9.980,0.4700,1,5263,102960,0
19,1024,0,0,1,1,1,1,1,1,1,1,1,1,1,1,0,1,1,1,1,1,456.3021,8.670000,0.055400,8.730000,294718,10.1225,1.6283,9.770,0.6800,1,5263,102960,0
20,1024,0,0,1,1,1,1,1,1,1,1,1,1,1,1,1,1,1,1,1,0,427.8819,8.130000,0.055400,8.190000,294718,18.0256,1.7350,10.410,0.0600,1,5263,102960,1
21,1024,0,0,1,1,1,1,1,1,1,1,1,1,1,1,1,1,1,1,1,1,427.8819,8.130000,0.055400,8.180000,294718,12.4716,1.7633,10.580,0.1700,1,5263,102960,0
22,1024,1,0,0,0,1,1,1,0,0,0,0,1,1,1,1,1,1,1,1,1,362.6733,6.891000,0.055400,6.940000,294718,11.0382,1.7650,10.590,0.1700,1,5263,102960,0
23,1024,1,0,0,0,1,1,1,1,0,0,0,1,1,1,1,1,1,1,1,1,416.8296,7.920000,0.055400,7.980000,294718,11.1736,1.7100,10.260,0.1100,1,5263,102960,0
24,1024,1,0,0,0,1,1,1,1,0,1,0,1,1,1,1,1,1,1,1,1,370.5152,7.040000,0.055400,7.090000,294718,11.5493,1.7633,10.580,0.1700,1,5263,102960,0
25,1024,1,0,0,1,1,1,1,1,0,1,0,1,1,1,1,1,1,1,1,1,422.0926,8.020000,0.055400,8.080000,294718,11.5493,1.6850,10.110,0.3200,1,5263,102960,1
26,1024,1,0,1,0,1,1,1,1,0,1,0,1,1,1,1,1,1,1,1,1,405.7773,7.710000,0.055400,7.770000,294718,11.5493,1.7017,10.210,0.1900,1,5263,102960,1
27,1024,1,0,1,1,0,0,1,0,0,0,1,1,1,1,1,1,1,1,1,1,411.0403,7.810000,0.055400,7.860000,294718,11.1114,1.7317,10.390,0.3600,1,5263,102960,0
28,1024,1,0,1,1,0,0,1,1,1,1,0,1,1,1,1,1,1,1,1,1,435.7764,8.280000,0.055400,8.340000,294718,11.3770,1.7083,10.250,0.1400,1,5263,102960,0
29,1024,1,1,1,1,1,1,1,1,0,1,0,1,1,1,1,1,1,1,1,1,368.9363,7.010000,0.055400,7.060000,294718,13.8579,1.7617,10.570,0.1900,1,5263,102960,1
