fft_size,solution_id,energy_nJ_perFFT,power_mW,area_um2,sqnr_dB,norm_latency,crit_delay_ns,slack_ns,meets_timing
2,0,1.2726,7.070000,294718,100.0000,0.9720,9.720,0.6600,1
4,0,2.4675,7.050000,294718,86.2515,1.0550,10.550,0.2000,1
4,1,2.6285,7.510000,294718,82.5256,0.9620,9.620,0.8100,1
4,2,2.8000,8.000000,294718,82.5256,0.9460,9.460,1.0000,1
4,3,2.6040,7.440000,294718,32.6881,1.0330,10.330,0.4200,1
8,0,4.4517,7.810000,294718,12.1985,0.9350,9.350,0.9300,1
8,1,4.1895,7.350000,294718,22.1031,1.0400,10.400,0.3600,1
8,2,4.6341,8.130000,294718,27.6496,1.0690,10.690,0.0700,1
8,3,4.0470,7.100000,294718,21.2020,0.9490,9.490,1.2700,1
8,4,4.3548,7.640000,294718,12.1985,0.9390,9.390,0.9100,1
16,0,6.7067,7.370000,294718,39.0028,1.0350,10.350,0.4100,1
16,1,7.0980,7.800000,294718,11.3384,0.9300,9.300,1.1200,1
16,2,7.0161,7.710000,294718,11.3384,0.9800,9.800,0.4600,1
16,3,6.8887,7.570000,294718,21.2248,0.9840,9.840,0.9100,1
16,4,6.9797,7.670000,294718,11.3211,0.9440,9.440,0.8900,1
16,5,6.7431,7.410000,294718,14.7371,1.0110,10.110,0.2400,1
16,6,6.7522,7.420000,294718,19.9582,1.0270,10.270,0.2700,1
16,7,7.8806,8.660000,294718,11.6556,0.9290,9.290,1.0600,1
16,8,6.8978,7.580000,294718,10.7602,0.9090,9.090,1.1300,1
16,9,6.5975,7.250000,294718,15.9325,1.0500,10.500,0.2500,1
16,10,6.6703,7.330000,294718,18.4049,1.0260,10.260,0.5000,1
16,11,7.5985,8.350000,294718,23.6412,1.0250,10.250,0.1900,1
32,0,11.3067,7.390000,294718,37.3904,1.0080,10.080,0.6800,1
32,1,11.6739,7.630000,294718,19.3013,1.0070,10.070,0.4200,1
32,2,11.2761,7.370000,294718,17.1629,1.0370,10.370,0.1000,1
32,3,11.1690,7.300000,294718,15.3546,0.9140,9.140,1.2600,1
32,4,11.1078,7.260000,294718,17.0295,1.0240,10.240,0.5200,1
64,0,20.1996,7.240000,294718,36.9951,1.0360,10.360,0.4000,1
64,1,22.7385,8.150000,294718,10.3789,1.0310,10.310,0.2300,1
64,2,22.2642,7.980000,294718,10.1557,1.0340,10.340,0.1000,1
64,3,23.2965,8.350000,294718,24.2002,1.0260,10.260,0.1200,1
64,4,20.1438,7.220000,294718,15.7634,1.0580,10.580,0.1800,1
64,5,22.4595,8.050000,294718,10.0908,1.0290,10.290,0.1400,1
64,6,23.8545,8.550000,294718,12.2774,0.9940,9.940,0.5100,1
64,7,23.2407,8.330000,294718,10.1529,0.9590,9.590,0.8500,1
128,0,40.7907,7.430000,294718,19.1391,1.2367,10.600,0.1600,1
128,1,45.4572,8.280000,294718,16.6282,1.0850,9.300,1.0700,1
128,2,40.4613,7.370000,294718,16.9410,1.1970,10.260,0.5000,1
128,3,38.4849,7.010000,294718,12.0732,1.1807,10.120,0.6400,1
128,4,39.4182,7.180000,294718,12.9936,1.2413,10.640,0.1100,1
128,5,39.5280,7.200000,294718,13.6415,1.2087,10.360,0.0200,1
128,6,40.7358,7.420000,294718,17.7373,1.0873,9.320,1.1400,1
256,0,79.9578,7.020000,294718,36.6955,1.3773,10.330,0.4200,1
256,1,91.2339,8.010000,294718,23.8147,1.2600,9.450,0.9400,1
256,2,82.0080,7.200000,294718,12.6029,1.2813,9.610,0.8100,1
256,3,84.0582,7.380000,294718,15.8679,1.3213,9.910,0.8500,1
256,4,82.1219,7.210000,294718,13.1056,1.2787,9.590,0.8000,1
256,5,93.8536,8.240000,294718,23.8554,1.3387,10.040,0.4000,1
256,6,79.6161,6.990000,294718,13.4312,1.3773,10.330,0.0400,1
256,7,80.5273,7.070000,294718,10.7468,1.2347,9.260,1.2700,1
256,8,80.2995,7.050000,294718,11.4910,1.3267,9.950,0.5000,1
256,9,79.2402,6.957000,294718,14.3141,1.3840,10.380,0.3800,1
256,10,80.5273,7.070000,294718,15.2278,1.3453,10.090,0.2800,1
256,11,82.2358,7.220000,294718,13.3661,1.1773,8.830,1.5100,1
256,12,81.0968,7.120000,294718,15.5738,1.3707,10.280,0.0300,1
256,13,79.2744,6.960000,294718,10.9226,1.3800,10.350,0.4100,1
512,0,170.7966,7.020000,294718,20.2197,1.5840,10.560,0.1900,1
512,1,163.1326,6.705000,294718,13.6271,1.5855,10.570,0.1900,1
512,2,173.2296,7.120000,294718,11.0094,1.3065,8.710,1.7900,1
512,3,172.2564,7.080000,294718,13.4492,1.4985,9.990,0.2900,1
512,4,173.4729,7.130000,294718,17.0047,1.5300,10.200,0.2300,1
512,5,181.7451,7.470000,294718,20.4281,1.5870,10.580,0.1800,1
512,6,169.3368,6.960000,294718,14.8996,1.5195,10.130,0.2800,1
512,7,176.8791,7.270000,294718,18.3148,1.5060,10.040,0.2800,1
512,8,172.7430,7.100000,294718,10.0229,1.4805,9.870,0.8800,1
512,9,176.8791,7.270000,294718,11.6334,1.4265,9.510,0.9700,1
512,10,170.7966,7.020000,294718,10.5077,1.5165,10.110,0.6500,1
1024,0,404.1984,7.680000,294718,11.1114,1.7367,10.420,0.0100,1
1024,1,402.0932,7.640000,294718,10.1225,1.7183,10.310,0.0200,1
1024,2,427.8819,8.130000,294718,18.0256,1.7350,10.410,0.0600,1
1024,3,434.1975,8.250000,294718,18.0256,1.6733,10.040,0.1600,1
1024,4,372.0941,7.070000,294718,10.1385,1.7217,10.330,0.1600,1
1024,5,419.4611,7.970000,294718,11.1111,1.6900,10.140,0.3800,1
1024,6,368.9363,7.010000,294718,13.8579,1.7617,10.570,0.1900,1
1024,7,427.3556,8.120000,294718,10.9056,1.6250,9.750,0.5900,1
1024,8,407.8825,7.750000,294718,10.8500,1.6733,10.040,0.4100,1
1024,9,405.7773,7.710000,294718,11.5493,1.7017,10.210,0.1900,1
1024,10,422.0926,8.020000,294718,11.5493,1.6850,10.110,0.3200,1
1024,11,351.0947,6.671000,294718,11.1043,1.7383,10.430,0.0000,1
